TeacherID,TeacherName,Age,Gender,Expertise,YearsOfExperience,TeacherRating,DistinctCoursesTaught,TotalEnrollments,AvgEnrollmentsPerCourse,EnrollmentInfluenceRatio,RatingConsistencyIndex,CourseRatingMean,RatingTier
TC00001,Leonard Montgomery,44,Female,Cybersecurity,6,3.24,15,36,2.4,0.2128799999999999,0.4145837976094349,3.3406666666666665,Mid
TC00002,Jill Day,32,Female,Digital Marketing,9,4.14,9,68,7.555555555555555,0.6701777777777778,0.4931006678767582,3.12,High
TC00003,Amber Torres,32,Male,Design,4,1.56,15,59,3.933333333333333,0.3488866666666666,0.4524584752890009,3.2,Low
TC00004,Kristi Scott,34,Female,Machine Learning,9,4.39,8,47,5.875,0.5211125,0.4503394273533212,2.4925,High
TC00005,David Williams,34,Male,Finance,2,3.11,18,47,2.611111111111111,0.2316055555555555,0.4501021364875502,3.2922222222222226,Mid
TC00006,Rebecca Webb,49,Male,Cybersecurity,14,3.36,15,48,3.2,0.28384,0.4418607786924647,3.0626666666666664,Mid
TC00007,Angela Beard,28,Female,Machine Learning,6,4.36,9,49,5.444444444444445,0.4829222222222222,0.4570845160365309,2.752222222222222,High
TC00008,Steven Walker,41,Male,Data Science,15,3.54,9,133,14.77777777777778,1.310788888888889,0.5852718253263408,3.036666666666666,High
TC00009,Alexander Tucker,49,Female,Project Management,2,2.22,15,58,3.8666666666666663,0.3429733333333333,0.4117584972896819,2.9993333333333334,Low
TC00010,Frances Sanchez,29,Male,Data Science,1,2.18,17,81,4.764705882352941,0.4226294117647058,0.4645147102492329,3.393529411764706,Low
TC00011,Carol Edwards,37,Female,Artificial Intelligence,8,3.55,9,46,5.111111111111111,0.4533555555555555,0.501360147698668,2.775555555555556,High
TC00012,Christopher Nelson,48,Female,Cybersecurity,2,3.85,9,26,2.888888888888889,0.2562444444444444,0.4591443390355462,2.806666666666666,High
TC00013,Brian Carrillo,35,Female,Digital Marketing,6,3.42,14,23,1.6428571428571428,0.1457214285714285,0.4623284537044803,3.3264285714285715,Mid
TC00014,Susan Randolph,49,Male,Project Management,3,2.45,13,57,4.384615384615385,0.3889153846153846,0.3865351994195584,3.234615384615384,Low
TC00015,John Armstrong,43,Male,Data Science,7,3.07,20,61,3.05,0.2705349999999999,0.4597980271760508,3.1710000000000003,Mid
TC00016,David Carlson,33,Male,Data Science,1,2.92,17,108,6.352941176470588,0.5635058823529412,0.4636986621913955,3.118823529411765,Low
TC00017,Brian Perez,36,Male,Digital Marketing,4,2.33,17,51,3.0,0.2661,0.4557277588072251,3.3729411764705883,Low
TC00018,Kari Pierce,47,Female,Project Management,11,4.28,8,93,11.625,1.0311375,0.4125348047353445,2.91375,High
TC00019,Tommy Haynes,35,Male,Digital Marketing,8,3.4,17,35,2.0588235294117645,0.1826176470588235,0.5131500797703554,3.477058823529412,Mid
TC00020,Tara Reynolds,44,Female,Digital Marketing,10,3.23,14,25,1.7857142857142858,0.1583928571428571,0.4657998280959756,3.619285714285714,Mid
TC00021,Adam Holmes,34,Female,Machine Learning,2,3.99,9,51,5.666666666666667,0.5026333333333334,0.4570845160365309,2.752222222222222,High
TC00022,John Holmes,33,Male,Digital Marketing,3,2.5,16,42,2.625,0.2328375,0.438046246844023,3.0475,Low
TC00023,Robert Mack,32,Male,Finance,4,2.99,18,95,5.277777777777778,0.4681388888888889,0.4355560461372212,3.0072222222222225,Mid
TC00024,Michael Kim,40,Male,Digital Marketing,6,4.22,8,57,7.125,0.6319875,0.5010724429188965,3.265,High
TC00025,Justin Pham,29,Male,Web Development,4,2.17,15,48,3.2,0.28384,0.4471107988349294,2.9106666666666663,Low
TC00026,Patrick Wilson,29,Male,Web Development,1,2.83,15,51,3.4,0.30158,0.4394391447101965,3.1713333333333336,Low
TC00027,Laurie Michael,44,Female,Artificial Intelligence,3,1.55,13,133,10.23076923076923,0.9074692307692308,0.4226339571426539,3.26,Low
TC00028,Timothy Bailey,27,Female,Business,3,1.06,16,161,10.0625,0.89254375,0.4524745876584188,3.01,Low
TC00029,David Webb,50,Male,Artificial Intelligence,2,3.1,18,66,3.6666666666666665,0.3252333333333333,0.4449115485876486,3.1766666666666667,Mid
TC00030,David Aguirre,50,Male,Artificial Intelligence,6,3.01,17,54,3.176470588235294,0.2817529411764706,0.4420360917187141,3.307058823529412,Mid
TC00031,Brenda Mercer,47,Female,Cybersecurity,1,1.86,15,164,10.933333333333334,0.9697866666666668,0.4262733250520433,3.2366666666666664,Low
TC00032,James Holder,44,Male,Cybersecurity,1,3.11,15,36,2.4,0.2128799999999999,0.4241815355105217,3.1086666666666667,Mid
TC00033,Wesley Garcia,39,Female,Design,12,4.04,8,137,17.125,1.5189875,0.4773808571801698,3.0125,High
TC00034,Brandon Dawson,38,Male,Web Development,3,2.79,15,51,3.4,0.30158,0.4236537132156566,3.1333333333333333,Low
TC00035,Sharon Jackson,27,Male,Digital Marketing,5,3.13,14,38,2.7142857142857144,0.2407571428571428,0.4777328446479199,3.480714285714286,Mid
TC00036,Brenda Mclean,28,Male,Digital Marketing,4,1.39,15,46,3.066666666666667,0.2720133333333333,0.4274561333859985,3.2126666666666663,Low
TC00037,Debra Escobar,47,Male,Finance,8,4.39,10,117,11.7,1.03779,0.527468494319023,2.849,High
TC00038,Jeffrey Clark,43,Male,Digital Marketing,1,2.38,18,70,3.888888888888889,0.3449444444444444,0.4301918642117456,3.330555555555556,Low
TC00039,Elizabeth Bishop,34,Male,Finance,7,3.31,16,41,2.5625,0.22729375,0.4821575247447099,3.159375,Mid
TC00040,Kimberly Miller,49,Male,Cybersecurity,24,4.58,55,3025,55.0,4.8785,0.4673331117349594,3.137818181818182,High
TC00041,Kevin Simpson,46,Male,Artificial Intelligence,7,3.55,7,44,6.285714285714286,0.5575428571428571,0.4941966228236598,3.0028571428571427,High
TC00042,Yolanda Levine,49,Female,Machine Learning,21,4.97,55,3061,55.654545454545456,4.936558181818182,0.4643600126341748,3.115636363636364,High
TC00043,John Williams,30,Female,Project Management,1,1.05,14,68,4.857142857142857,0.4308285714285714,0.4141018968218248,2.8742857142857146,Low
TC00044,Barbara Maynard,27,Male,Finance,4,2.61,14,77,5.5,0.48785,0.4541413876779042,3.266428571428572,Low
TC00045,Emily Gutierrez,28,Female,Web Development,5,1.07,17,56,3.294117647058824,0.2921882352941176,0.4239583318453622,3.044705882352941,Low
TC00046,Brent Walters,33,Male,Cybersecurity,6,3.87,9,31,3.4444444444444446,0.3055222222222222,0.4591443390355462,2.806666666666666,High
TC00047,Brad Griffin,27,Male,Design,4,1.79,14,65,4.642857142857143,0.4118214285714286,0.4553938479826853,3.435714285714286,Low
TC00048,Theresa Gonzalez,30,Male,Finance,7,3.18,15,33,2.2,0.19514,0.4411500342216951,3.088,Mid
TC00049,Valerie Wiley,46,Female,Machine Learning,6,3.46,16,95,5.9375,0.52665625,0.4403896944269919,2.805625,Mid
TC00050,Alexander Williams,32,Female,Digital Marketing,3,3.41,15,24,1.6,0.14192,0.4825588879445086,3.3160000000000003,Mid
TC00051,John Obrien,36,Female,Design,2,1.77,14,63,4.5,0.39915,0.4564325119360791,2.9307142857142856,Low
TC00052,Susan Johnson,34,Female,Business,12,3.43,19,97,5.105263157894737,0.4528368421052632,0.4722054077084548,3.0842105263157897,Mid
TC00053,Aaron Kirby,35,Male,Marketing,9,4.29,9,120,13.333333333333334,1.1826666666666668,0.4859591937280958,3.338888888888889,High
TC00054,Shelby Patrick,40,Female,Artificial Intelligence,7,4.28,9,46,5.111111111111111,0.4533555555555555,0.4916444092369998,2.881111111111111,High
TC00055,Alison Wilson,47,Female,Cybersecurity,12,3.53,8,37,4.625,0.4102375,0.444098571960573,2.76375,Mid
TC00056,Alexis Everett,35,Female,Programming,9,3.95,8,123,15.375,1.3637625,0.4638405303524702,2.8475,High
TC00057,Brittany Scott,44,Male,Data Science,7,3.44,15,49,3.2666666666666666,0.2897533333333333,0.4795546626629854,2.8526666666666665,Mid
TC00058,Andrew Anderson,49,Male,Web Development,7,3.71,10,138,13.8,1.22406,0.5023014581152595,2.7670000000000003,High
TC00059,Noah Stewart,48,Female,Cybersecurity,6,3.82,10,47,4.7,0.41689,0.4736624603963503,2.795,High
TC00060,Benjamin Gray,48,Female,Project Management,14,3.32,15,92,6.133333333333334,0.5440266666666667,0.4382778922086514,2.902,Mid
